Handle,Title,Body (HTML),Vendor,Product Category,Type,Tags,Published,Option1 Name,Option1 Value,Variant SKU,Variant Grams,Variant Inventory Qty,Variant Price,Image Src
organic-turmeric-powder,Organic Turmeric Powder (Haldi),"<p>Bring the golden touch of ancient Ayurveda to your kitchen with Dalify's Organic Turmeric Powder. Sourced from certified organic farms in Erode — India's turmeric capital — our haldi is sun-dried and stone-ground to preserve its natural curcumin content and vivid golden hue.</p><p>Unlike commercial turmeric blended with starches and artificial colorants, every batch from Dalify is 100% pure root, nothing else. Use it in your daily dal tadka, golden milk latte, or a simple haldi-doodh before bed.</p><p><strong>Suggested use:</strong> Curries, soups, golden milk, marinades, rice dishes.</p>",Dalify,Food & Drink > Food > Seasonings & Spices,Spices,"organic,turmeric,haldi,spices,ayurveda,anti-inflammatory",TRUE,Weight,100g,DAL-TUR-100,100,50,89,
organic-turmeric-powder,,,,,,,,Weight,250g,DAL-TUR-250,250,50,199,
organic-turmeric-powder,,,,,,,,Weight,500g,DAL-TUR-500,500,30,349,
organic-cumin-seeds,Organic Cumin Seeds (Jeera),"<p>The aroma of cumin hitting hot oil is the smell of Indian home cooking at its finest. Dalify's Organic Cumin Seeds are hand-picked from small farms in Rajasthan, where the dry climate produces seeds with a deeper, more complex flavor profile than mass-market varieties.</p><p>Each seed is cleaned and packed without any fumigants or chemical treatments. Rich in iron and known to support digestion, jeera is one of the most versatile spices in your pantry.</p><p><strong>Suggested use:</strong> Tadka, dal, biryani, raita, chaat, chaas.</p>",Dalify,Food & Drink > Food > Seasonings & Spices,Spices,"organic,cumin,jeera,whole spices,tadka,digestion",TRUE,Weight,100g,DAL-CUM-100,100,50,79,
organic-cumin-seeds,,,,,,,,Weight,250g,DAL-CUM-250,250,40,179,
organic-cumin-seeds,,,,,,,,Weight,500g,DAL-CUM-500,500,30,299,
organic-cumin-powder,Organic Cumin Powder (Jeera Powder),"<p>Pre-ground from premium Rajasthani organic cumin seeds, our Cumin Powder delivers instant depth to any dish. Stone-ground fresh in small batches to lock in the volatile oils responsible for that signature earthy warmth.</p><p>Absolutely no fillers, no anti-caking agents — just pure roasted cumin aroma in every spoonful.</p><p><strong>Suggested use:</strong> Curries, sabzis, raita, chutneys, marinades, spice blends.</p>",Dalify,Food & Drink > Food > Seasonings & Spices,Spices,"organic,cumin,jeera powder,ground spices",TRUE,Weight,100g,DAL-CUP-100,100,50,89,
organic-cumin-powder,,,,,,,,Weight,200g,DAL-CUP-200,200,40,159,
organic-coriander-powder,Organic Coriander Powder (Dhaniya Powder),"<p>Ground from whole, sun-dried organic coriander seeds, Dalify's Dhaniya Powder carries a warm citrusy note that rounds out virtually every Indian curry. Our coriander is sourced from farms in Madhya Pradesh, where the soil and climate yield seeds with a naturally higher essential oil content.</p><p>Ground in small batches and sealed in airtight pouches to preserve freshness.</p><p><strong>Suggested use:</strong> Curries, chutneys, marinades, masala blends, gravies.</p>",Dalify,Food & Drink > Food > Seasonings & Spices,Spices,"organic,coriander,dhaniya,ground spices",TRUE,Weight,100g,DAL-COR-100,100,50,89,
organic-coriander-powder,,,,,,,,Weight,250g,DAL-COR-250,250,40,189,
organic-coriander-powder,,,,,,,,Weight,500g,DAL-COR-500,500,30,339,
organic-red-chili-powder,Organic Red Chili Powder (Lal Mirch),"<p>Not all chili powders are equal. Dalify's Organic Red Chili Powder is made exclusively from Kashmiri and Byadagi chili varieties — prized for their deep red color and medium heat that adds vibrancy without overwhelming the palate.</p><p>No artificial colors (no Sudan Red), no added salt, no fillers. Just sun-dried organic chilies, ground to a fine powder.</p><p><strong>Suggested use:</strong> Curries, marinades, dry rubs, chutneys, aloo sabzis.</p>",Dalify,Food & Drink > Food > Seasonings & Spices,Spices,"organic,chili,lal mirch,red chili,kashmiri",TRUE,Weight,100g,DAL-CHI-100,100,50,99,
organic-red-chili-powder,,,,,,,,Weight,250g,DAL-CHI-250,250,40,219,
organic-red-chili-powder,,,,,,,,Weight,500g,DAL-CHI-500,500,30,389,
organic-garam-masala,Organic Garam Masala,"<p>Our Garam Masala is an homage to the spice blenders of old Delhi. A carefully balanced blend of organic cardamom, cloves, black pepper, cinnamon, cumin, coriander, and nutmeg — all sourced individually from their regions of provenance and blended in our facility.</p><p>No shortcuts, no fillers, no MSG. Add a pinch at the end of cooking to preserve the fragrant top notes.</p><p><strong>Suggested use:</strong> Dal, biryani, curries, kebabs, pulao, finishing spice.</p>",Dalify,Food & Drink > Food > Seasonings & Spices,Spice Blends,"organic,garam masala,spice blend,aromatic",TRUE,Weight,50g,DAL-GAR-50,50,60,129,
organic-garam-masala,,,,,,,,Weight,100g,DAL-GAR-100,100,50,219,
organic-garam-masala,,,,,,,,Weight,200g,DAL-GAR-200,200,30,389,
organic-mustard-seeds,Organic Mustard Seeds (Rai),"<p>Tiny but mighty — mustard seeds are the starting gun for most South Indian cooking. Dalify's Organic Mustard Seeds are sourced from Rajasthan's certified farms and are free from any pesticide residue.</p><p>Temper them in hot oil until they pop and release their nutty, pungent flavor, then build your dish from there.</p><p><strong>Suggested use:</strong> Tadka, South Indian curries, pickles, chutneys, rice dishes.</p>",Dalify,Food & Drink > Food > Seasonings & Spices,Spices,"organic,mustard seeds,rai,sarson,tadka",TRUE,Weight,100g,DAL-MUS-100,100,50,69,
organic-mustard-seeds,,,,,,,,Weight,250g,DAL-MUS-250,250,40,149,
organic-fenugreek-seeds,Organic Fenugreek Seeds (Methi Dana),"<p>Fenugreek seeds carry a slight bitterness that — when used right — adds incredible complexity to Indian cooking. Dalify's Organic Methi Dana comes from Rajasthan farms with no chemical treatment.</p><p>Use sparingly in tadkas for sambar and dal, or soak overnight and sprout for a nutritious addition to your morning routine.</p><p><strong>Suggested use:</strong> Tadka, pickles, sprouting, sambar, fenugreek bread.</p>",Dalify,Food & Drink > Food > Seasonings & Spices,Spices,"organic,fenugreek,methi,methi dana,sprouting",TRUE,Weight,100g,DAL-FEN-100,100,50,79,
organic-fenugreek-seeds,,,,,,,,Weight,250g,DAL-FEN-250,250,40,169,
organic-cardamom-green,Organic Green Cardamom (Elaichi),"<p>Dalify's Organic Green Cardamom pods are sourced from the lush cardamom hills of Idukki, Kerala — the world's finest cardamom growing region. Each pod is hand-picked at peak maturity, ensuring maximum essential oil content and that unmistakable floral-citrus aroma.</p><p>Use whole pods in chai, biryani, and kheer, or crack them open and grind the seeds for baking and desserts.</p><p><strong>Suggested use:</strong> Chai, biryani, kheer, desserts, lassi, flavored rice.</p>",Dalify,Food & Drink > Food > Seasonings & Spices,Spices,"organic,cardamom,elaichi,green cardamom,kerala",TRUE,Weight,50g,DAL-CAR-50,50,40,199,
organic-cardamom-green,,,,,,,,Weight,100g,DAL-CAR-100,100,30,369,
organic-cloves,Organic Cloves (Laung),"<p>Hand-sorted whole cloves from Kerala's certified organic spice gardens. Our cloves have an intense eugenol content that gives them their characteristic warm, sweet-pungent flavor.</p><p>Essential in biryani, meat curries, and masala chai. Also widely used in home remedies for toothaches and digestive issues.</p><p><strong>Suggested use:</strong> Biryani, curries, chai, spice blends, pickling.</p>",Dalify,Food & Drink > Food > Seasonings & Spices,Spices,"organic,cloves,laung,whole spices,biryani",TRUE,Weight,50g,DAL-CLO-50,50,40,149,
organic-cloves,,,,,,,,Weight,100g,DAL-CLO-100,100,30,279,
organic-black-pepper-whole,Organic Black Pepper Whole (Kali Mirch),"<p>Tellicherry black pepper — the gold standard of Indian pepper — from certified organic farms in Wayanad, Kerala. Larger berries, higher piperine content, more complex flavor than regular black pepper.</p><p>Our pepper is unbleached, fully ripened before harvest, and immediately sun-dried to lock in flavor. Grind fresh over your food or crack coarsely into marinades.</p><p><strong>Suggested use:</strong> Marinades, grills, soups, rasam, chai, all-purpose seasoning.</p>",Dalify,Food & Drink > Food > Seasonings & Spices,Spices,"organic,black pepper,kali mirch,tellicherry,kerala",TRUE,Weight,100g,DAL-BPP-100,100,50,129,
organic-black-pepper-whole,,,,,,,,Weight,250g,DAL-BPP-250,250,30,289,
organic-kashmiri-red-chili-whole,Organic Kashmiri Red Chili (Whole),"<p>For color without the burn. Kashmiri chilies are famous for imparting a gorgeous deep-red hue to dishes while keeping the heat mild and approachable. Dalify sources these from certified organic farms in Jammu & Kashmir.</p><p>The go-to chili for rogan josh, butter chicken, and kebab marinades.</p><p><strong>Suggested use:</strong> Rogan josh, butter chicken, kebab marinades, soups.</p>",Dalify,Food & Drink > Food > Seasonings & Spices,Spices,"organic,kashmiri chili,whole chili,mild,color",TRUE,Weight,100g,DAL-KCH-100,100,40,129,
organic-kashmiri-red-chili-whole,,,,,,,,Weight,200g,DAL-KCH-200,200,30,229,
organic-cinnamon-sticks,Organic Cinnamon Sticks (Dalchini),"<p>True Ceylon cinnamon (Cinnamomum verum), not the commonly sold cassia bark. Dalify sources authentic Ceylon cinnamon from Sri Lanka for a sweeter, more delicate flavor with lower coumarin content — safer for daily use.</p><p>Perfect for infusing into curries, biryanis, and chai.</p><p><strong>Suggested use:</strong> Biryani, curries, chai, desserts, flavored rice.</p>",Dalify,Food & Drink > Food > Seasonings & Spices,Spices,"organic,cinnamon,dalchini,ceylon,whole spices",TRUE,Weight,50g,DAL-CIN-50,50,40,159,
organic-cinnamon-sticks,,,,,,,,Weight,100g,DAL-CIN-100,100,30,289,
organic-bay-leaves,Organic Bay Leaves (Tej Patta),"<p>Indian bay leaves (tej patta) have a distinct clove-cinnamon flavor profile quite different from Mediterranean laurel. Dalify's tej patta comes from organic farms in Uttarakhand.</p><p>Add whole leaves to hot oil at the start of cooking to infuse the oil with a subtle spice complexity.</p><p><strong>Suggested use:</strong> Biryani, pulao, curries, potato dishes, soups.</p>",Dalify,Food & Drink > Food > Seasonings & Spices,Spices,"organic,bay leaves,tej patta,whole spices",TRUE,Weight,25g,DAL-BAY-25,25,60,69,
organic-bay-leaves,,,,,,,,Weight,50g,DAL-BAY-50,50,40,119,
organic-asafoetida,Organic Asafoetida (Hing) — Compound,"<p>A small pinch of hing transforms a humble dal into something memorable. Our compound asafoetida is made with a higher resin content than typical commercial varieties, giving you the pungent, savory depth associated with authentic Mughlai and Rajasthani cooking.</p><p>Just a tiny pinch (⅛ tsp) in hot ghee is all you need for a full pot of dal.</p><p><strong>Suggested use:</strong> Dal tadka, vegetable curries, pickles, digestive spice.</p>",Dalify,Food & Drink > Food > Seasonings & Spices,Spices,"organic,hing,asafoetida,ferula,digestive",TRUE,Weight,25g,DAL-HIN-25,25,60,89,
organic-asafoetida,,,,,,,,Weight,50g,DAL-HIN-50,50,40,159,
organic-dry-mango-powder,Organic Dry Mango Powder (Amchur),"<p>Tart, tangy, and totally irreplaceable — amchur is what gives chaat its signature punch. Dalify's Organic Dry Mango Powder is made from unripe Alphonso mangoes sun-dried and ground without any additives.</p><p>Add it to aloo tikki, pav bhaji, or dal for a burst of sourness that cuts through richness beautifully.</p><p><strong>Suggested use:</strong> Chaat, aloo tikki, dal, vegetable stir-fries, marinades.</p>",Dalify,Food & Drink > Food > Seasonings & Spices,Spices,"organic,amchur,dry mango powder,tangy,chaat",TRUE,Weight,100g,DAL-AMC-100,100,50,99,
organic-dry-mango-powder,,,,,,,,Weight,200g,DAL-AMC-200,200,30,179,
organic-chaat-masala,Organic Chaat Masala,"<p>The soul of Indian street food. Our Chaat Masala is a hand-blended mix of organic amchur, black salt, roasted cumin, coriander, black pepper, dried ginger, and chili.</p><p>No artificial flavors, no synthetic ammonium chloride substitute. Sprinkle on fruit chaat, aloo tikki, pani puri water, or simply on sliced cucumber and tomatoes.</p><p><strong>Suggested use:</strong> Fruit chaat, aloo tikki, pani puri, pav bhaji, chaas, salads.</p>",Dalify,Food & Drink > Food > Seasonings & Spices,Spice Blends,"organic,chaat masala,spice blend,street food,tangy",TRUE,Weight,100g,DAL-CHM-100,100,50,129,
organic-chaat-masala,,,,,,,,Weight,200g,DAL-CHM-200,200,30,229,
organic-chole-masala,Organic Chole Masala,"<p>A specially crafted spice blend designed for the perfect Punjabi chole. Our Chole Masala features organic pomegranate seed powder (anardana), amchur, black cardamom, and a precise balance of whole spice powders.</p><p>No artificial colors (no caramel color). Add it mid-cooking and let the spices bloom into the onion-tomato base for authentic dhaba-style flavor.</p><p><strong>Suggested use:</strong> Chole bhature, chana masala, chana pulao.</p>",Dalify,Food & Drink > Food > Seasonings & Spices,Spice Blends,"organic,chole masala,chickpea,punjabi,spice blend",TRUE,Weight,100g,DAL-CHO-100,100,50,129,
organic-chole-masala,,,,,,,,Weight,200g,DAL-CHO-200,200,30,229,
organic-pav-bhaji-masala,Organic Pav Bhaji Masala,"<p>Capture the essence of Mumbai's most beloved street food at home. Dalify's Pav Bhaji Masala is a balanced blend of organic coriander, cumin, chili, dry mango powder, and black salt.</p><p>No MSG, no synthetic color — just the real deal. The right blend makes the difference between an okay bhaji and one that has the whole family scraping the pan.</p><p><strong>Suggested use:</strong> Pav bhaji, tawa pulao, masala pav.</p>",Dalify,Food & Drink > Food > Seasonings & Spices,Spice Blends,"organic,pav bhaji masala,mumbai,street food,spice blend",TRUE,Weight,100g,DAL-PBM-100,100,50,129,
organic-pav-bhaji-masala,,,,,,,,Weight,200g,DAL-PBM-200,200,30,229,
organic-sambar-powder,Organic Sambar Powder,"<p>Authentic South Indian sambar starts with the right powder. Our recipe draws on traditional Tamil and Karnataka blends — featuring organic chana dal, urad dal, coriander, cumin, dried red chilies, and curry leaves, all dry-roasted and ground together.</p><p>The result is a complex, layered powder. Works equally well in rasam and vegetable kootu.</p><p><strong>Suggested use:</strong> Sambar, rasam, vegetable kootu, rice dishes.</p>",Dalify,Food & Drink > Food > Seasonings & Spices,Spice Blends,"organic,sambar powder,south indian,spice blend,dal",TRUE,Weight,100g,DAL-SAM-100,100,50,119,
organic-sambar-powder,,,,,,,,Weight,200g,DAL-SAM-200,200,30,209,
organic-rasam-powder,Organic Rasam Powder,"<p>A lighter, more peppery blend than sambar powder, specifically tuned for the bright, thin broth of traditional rasam. Our Rasam Powder uses organic black pepper, long pepper, coriander, cumin, and dried curry leaves.</p><p>Make a quick tomato rasam in under 15 minutes, or add a spoonful to hot water and sip it as a comforting digestive tonic.</p><p><strong>Suggested use:</strong> Tomato rasam, pepper rasam, as a digestive drink.</p>",Dalify,Food & Drink > Food > Seasonings & Spices,Spice Blends,"organic,rasam powder,south indian,digestive,spice blend",TRUE,Weight,100g,DAL-RAS-100,100,50,119,
organic-rasam-powder,,,,,,,,Weight,200g,DAL-RAS-200,200,30,209,
organic-kitchen-king-masala,Organic Kitchen King Masala,"<p>An all-purpose North Indian masala that does exactly what its name promises — it rules the kitchen. Our Kitchen King is a versatile blend suited for everything from paneer butter masala to mixed vegetable curry. Made from 15+ organic spice ingredients with no fillers, no artificial flavor enhancers.</p><p><strong>Suggested use:</strong> Paneer dishes, mixed veg curries, dal, stuffed parathas.</p>",Dalify,Food & Drink > Food > Seasonings & Spices,Spice Blends,"organic,kitchen king,all purpose masala,north indian,spice blend",TRUE,Weight,100g,DAL-KKM-100,100,50,139,
organic-kitchen-king-masala,,,,,,,,Weight,200g,DAL-KKM-200,200,30,249,
organic-biryani-masala,Organic Biryani Masala,"<p>Biryani deserves a masala as special as the dish itself. Our Biryani Masala is a whole-spice blend featuring organic star anise, mace, nutmeg, black cardamom, green cardamom, cloves, cinnamon, and bay leaves.</p><p>Each jar is freshly blended in small batches. No shortcuts. No rice flour fillers.</p><p><strong>Suggested use:</strong> Chicken biryani, lamb biryani, veg biryani, pulao.</p>",Dalify,Food & Drink > Food > Seasonings & Spices,Spice Blends,"organic,biryani masala,spice blend,aromatic,whole spices",TRUE,Weight,50g,DAL-BIM-50,50,60,149,
organic-biryani-masala,,,,,,,,Weight,100g,DAL-BIM-100,100,40,269,
organic-kasuri-methi,Organic Dried Fenugreek Leaves (Kasuri Methi),"<p>The finishing touch that elevates butter chicken, paneer tikka masala, and countless other North Indian dishes. Kasuri Methi carries a slight bitterness and an intoxicating aroma when crushed between your palms before adding.</p><p>Dalify's organic dried methi leaves contain no artificial green coloring (a common adulteration in cheaper brands).</p><p><strong>Suggested use:</strong> Butter chicken, paneer dishes, parathas, aloo dishes, dal.</p>",Dalify,Food & Drink > Food > Seasonings & Spices,Spices,"organic,kasuri methi,fenugreek leaves,dried herbs",TRUE,Weight,25g,DAL-KMT-25,25,60,89,
organic-kasuri-methi,,,,,,,,Weight,50g,DAL-KMT-50,50,40,159,
organic-basmati-rice-aged,Organic Aged Premium Basmati Rice,"<p>Nothing compares to properly aged basmati. Dalify's Premium Aged Basmati comes from the foothills of the Himalayas — Dehradun and Karnal — and is aged for a minimum of 12 months to develop the signature long, non-sticky grain and that unmistakable fragrance.</p><p>Certified organic, parboiling-free, and free from synthetic aging agents. Cook at 1:1.5 (rice:water) for perfect separate grains every time.</p><p><strong>Suggested use:</strong> Biryani, pulao, steamed rice, khichdi, fried rice.</p>",Dalify,Food & Drink > Food > Grains > Rice,Grains,"organic,basmati rice,aged,premium,biryani,dehradun",TRUE,Weight,500g,DAL-BAS-500,500,40,229,
organic-basmati-rice-aged,,,,,,,,Weight,1kg,DAL-BAS-1000,1000,30,419,
organic-basmati-rice-aged,,,,,,,,Weight,2kg,DAL-BAS-2000,2000,20,789,
organic-sona-masoori-rice,Organic Sona Masoori Rice,"<p>The everyday rice of South India — loved for its light texture, medium grain, and gentle starch that makes it ideal for everyday meals without weighing you down. Dalify's Sona Masoori is sourced directly from farms in Andhra Pradesh and Telangana, certified organic.</p><p>Lower glycemic index than standard white rice. Cooks beautifully in a pressure cooker or rice cooker.</p><p><strong>Suggested use:</strong> Steamed rice, curd rice, lemon rice, pongal, rice porridge.</p>",Dalify,Food & Drink > Food > Grains > Rice,Grains,"organic,sona masoori,rice,south indian,everyday",TRUE,Weight,1kg,DAL-SON-1000,1000,30,199,
organic-sona-masoori-rice,,,,,,,,Weight,2kg,DAL-SON-2000,2000,20,369,
organic-sona-masoori-rice,,,,,,,,Weight,5kg,DAL-SON-5000,5000,10,849,
organic-red-rice,Organic Red Rice (Kerala Matta),"<p>Rich in anthocyanins and iron, red rice has been a staple of Kerala households for generations. Dalify sources Matta (Rosematta) red parboiled rice from certified farms in Palakkad, Kerala.</p><p>Its slightly nutty, earthy flavor pairs beautifully with Kerala curries. The bran layer is retained, making it a whole grain option that supports sustained energy.</p><p><strong>Suggested use:</strong> Steamed rice with Kerala curries, rice porridge, rice cakes.</p>",Dalify,Food & Drink > Food > Grains > Rice,Grains,"organic,red rice,matta rice,kerala,whole grain",TRUE,Weight,1kg,DAL-RED-1000,1000,30,219,
organic-red-rice,,,,,,,,Weight,2kg,DAL-RED-2000,2000,20,399,
organic-brown-basmati,Organic Brown Basmati Rice,"<p>All the fragrance of premium basmati with the added nutrition of the bran layer. Our Brown Basmati is organically grown in the Himalayan foothill region, minimally processed to retain the bran and germ.</p><p>Higher in fiber, B vitamins, and magnesium than white rice. A smarter choice for everyday cooking that doesn't sacrifice aromatic quality.</p><p><strong>Suggested use:</strong> Pulao, biryani, everyday rice, grain bowls.</p>",Dalify,Food & Drink > Food > Grains > Rice,Grains,"organic,brown basmati,whole grain,fiber,healthy rice",TRUE,Weight,500g,DAL-BRN-500,500,40,249,
organic-brown-basmati,,,,,,,,Weight,1kg,DAL-BRN-1000,1000,30,449,
organic-foxtail-millet,Organic Foxtail Millet (Kangni),"<p>Ancient grains are having a well-deserved renaissance, and foxtail millet leads the pack. Rich in complex carbohydrates, protein, and iron, kangni has been cultivated in India for over 7,000 years. Dalify sources this from dryland organic farms in Andhra Pradesh.</p><p>Cook it like rice (1:2 ratio) for a nutty, satisfying grain. Naturally gluten-free.</p><p><strong>Suggested use:</strong> Cooked like rice, upma, khichdi, rotis, porridge.</p>",Dalify,Food & Drink > Food > Grains,Millets,"organic,foxtail millet,kangni,gluten-free,ancient grains",TRUE,Weight,500g,DAL-FOX-500,500,40,179,
organic-foxtail-millet,,,,,,,,Weight,1kg,DAL-FOX-1000,1000,30,329,
organic-pearl-millet,Organic Pearl Millet (Bajra),"<p>The grain of Rajasthan's desert warriors. Bajra is one of the most nutritious millets — high in protein, iron, and phosphorus, and exceptionally heat-tolerant. Dalify's bajra comes from Rajasthan and Gujarat organic farms.</p><p>Make bajra roti, add to soups, or use bajra flour for porridge in winter. Naturally gluten-free and incredibly filling.</p><p><strong>Suggested use:</strong> Bajra roti, khichdi, porridge, flour for flatbreads.</p>",Dalify,Food & Drink > Food > Grains,Millets,"organic,bajra,pearl millet,gluten-free,rajasthan",TRUE,Weight,500g,DAL-PRL-500,500,40,149,
organic-pearl-millet,,,,,,,,Weight,1kg,DAL-PRL-1000,1000,30,269,
organic-finger-millet,Organic Finger Millet (Ragi / Nachni),"<p>Ragi is one of the most calcium-rich grains on earth — making it invaluable for vegetarian diets. Our certified organic finger millet from Karnataka is milled to a fine flour that's perfect for ragi mudde, ragi dosa, or ragi porridge for toddlers and seniors alike.</p><p>Deep earthy flavor and a naturally dark brown color. Gluten-free.</p><p><strong>Suggested use:</strong> Ragi mudde, ragi dosa, ragi porridge, rotis, malt drinks.</p>",Dalify,Food & Drink > Food > Grains,Millets,"organic,ragi,finger millet,nachni,calcium,gluten-free",TRUE,Weight,500g,DAL-RAG-500,500,40,169,
organic-finger-millet,,,,,,,,Weight,1kg,DAL-RAG-1000,1000,30,309,
organic-little-millet,Organic Little Millet (Samai),"<p>One of the smallest and most nutritious of the millet family. Little millet is light on the stomach, high in fiber, and perfect as a rice substitute for those managing blood sugar.</p><p>Cook it as plain rice, use it in pongal or khichdi, or grind into flour for pancakes and rotis. Dalify's organic samai comes from Karnataka.</p><p><strong>Suggested use:</strong> Plain cooked grain, pongal, khichdi, rotis, porridge.</p>",Dalify,Food & Drink > Food > Grains,Millets,"organic,little millet,samai,gluten-free,diabetic-friendly",TRUE,Weight,500g,DAL-LIT-500,500,40,169,
organic-little-millet,,,,,,,,Weight,1kg,DAL-LIT-1000,1000,30,309,
organic-kodo-millet,Organic Kodo Millet (Varagu),"<p>Known as the 'poor man's superfood' in Tamil Nadu, kodo millet is experiencing a revival as a diabetes-friendly grain. It cooks to a soft, slightly sticky consistency — ideal for traditional South Indian preparations and as a rice substitute in everyday cooking.</p><p>Dalify sources certified organic varagu from Tamil Nadu farms.</p><p><strong>Suggested use:</strong> Cooked rice substitute, pongal, idli, dosa batter.</p>",Dalify,Food & Drink > Food > Grains,Millets,"organic,kodo millet,varagu,diabetic-friendly,ancient grain",TRUE,Weight,500g,DAL-KOD-500,500,40,169,
organic-kodo-millet,,,,,,,,Weight,1kg,DAL-KOD-1000,1000,30,309,
organic-jowar,Organic Sorghum (Jowar),"<p>The grain that powered generations of Marathas. Jowar is high in protein and iron, and makes some of the most satisfying rotis in Indian cuisine.</p><p>Dalify's organic jowar comes from Maharashtra and Karnataka. Use jowar flour for bhakri or mix with wheat flour for everyday rotis with extra nutrition. Also excellent puffed as a snack grain. Gluten-free.</p><p><strong>Suggested use:</strong> Jowar roti, mixed-grain flour, puffed snacks, porridge.</p>",Dalify,Food & Drink > Food > Grains,Millets,"organic,jowar,sorghum,gluten-free,maharashtra",TRUE,Weight,500g,DAL-JOW-500,500,40,149,
organic-jowar,,,,,,,,Weight,1kg,DAL-JOW-1000,1000,30,269,
organic-amaranth,Organic Amaranth (Rajgira),"<p>Amaranth is unusually high in protein (including lysine — an amino acid rare in grains) and calcium. Dalify sources organic rajgira from Maharashtra.</p><p>Use it in porridge, laddoos (rajgira laddoo are a Navratri staple), or pop the tiny seeds in a dry pan for a crunchy topping. Naturally gluten-free.</p><p><strong>Suggested use:</strong> Rajgira laddoo, porridge, flour for rotis, popped grain snack.</p>",Dalify,Food & Drink > Food > Grains,Ancient Grains,"organic,amaranth,rajgira,navratri,gluten-free,high protein",TRUE,Weight,250g,DAL-AMA-250,250,50,159,
organic-amaranth,,,,,,,,Weight,500g,DAL-AMA-500,500,30,289,
organic-khapli-wheat,Organic Khapli Wheat Berries (Emmer),"<p>Move over, processed atta. Dalify offers whole khapli (emmer) wheat berries — an ancient variety of wheat with a lower gluten content and higher fiber, protein, and mineral profile than modern wheat. Sourced from organic farms in Maharashtra.</p><p>Mill at home or soak and cook whole for a hearty grain bowl.</p><p><strong>Suggested use:</strong> Homemade stone-mill flour, grain bowls, wheat porridge.</p>",Dalify,Food & Drink > Food > Grains,Ancient Grains,"organic,khapli wheat,emmer,ancient wheat,low gluten",TRUE,Weight,500g,DAL-KHP-500,500,30,199,
organic-khapli-wheat,,,,,,,,Weight,1kg,DAL-KHP-1000,1000,20,369,
organic-chakki-atta,Organic Whole Wheat Flour (Chakki Atta),"<p>Stone-milled from premium whole wheat berries, our chakki atta retains the germ and bran that commercial refiners discard. The result is a flour with a warm, nutty flavor, higher fiber content, and a natural golden-brown color.</p><p>Certified organic, no bleaching agents. Makes rotis with a slightly more rustic texture that holds up beautifully to thick gravies.</p><p><strong>Suggested use:</strong> Roti, paratha, puri, thepla, chapati.</p>",Dalify,Food & Drink > Food > Grains,Flour,"organic,wheat flour,chakki atta,whole wheat,roti",TRUE,Weight,1kg,DAL-ATT-1000,1000,40,179,
organic-chakki-atta,,,,,,,,Weight,2kg,DAL-ATT-2000,2000,20,329,
organic-chakki-atta,,,,,,,,Weight,5kg,DAL-ATT-5000,5000,10,749,
organic-quinoa,Organic White Quinoa,"<p>Quinoa has found a warm home in health-conscious Indian kitchens. Dalify sources certified organic white quinoa for its mild flavor and fluffy texture when cooked. Complete protein (all 9 essential amino acids), gluten-free, and quick-cooking (15 minutes).</p><p>Use it as a rice substitute in pulao, add to salads, or cook as a morning porridge with dates and coconut.</p><p><strong>Suggested use:</strong> Pulao, salads, grain bowls, morning porridge, khichdi.</p>",Dalify,Food & Drink > Food > Grains,Ancient Grains,"organic,quinoa,complete protein,gluten-free,superfood",TRUE,Weight,250g,DAL-QUI-250,250,50,249,
organic-quinoa,,,,,,,,Weight,500g,DAL-QUI-500,500,30,449,
organic-buckwheat,Organic Buckwheat (Kuttu),"<p>A Navratri fasting grain with year-round nutritional value. Buckwheat is gluten-free, high in rutin, and has a satisfying, slightly nutty flavor.</p><p>Dalify's organic kuttu is sourced from Himachal Pradesh farms. Use the flour for kuttu puris or pancakes; cook the groats like a grain for bowls and porridge.</p><p><strong>Suggested use:</strong> Kuttu puri, pancakes, grain bowls, porridge.</p>",Dalify,Food & Drink > Food > Grains,Ancient Grains,"organic,buckwheat,kuttu,navratri fasting,gluten-free",TRUE,Weight,250g,DAL-BUC-250,250,50,179,
organic-buckwheat,,,,,,,,Weight,500g,DAL-BUC-500,500,30,329,
organic-poha,Organic Poha (Flattened Rice),"<p>Dalify's Organic Poha is made from certified organic rice, lightly flattened and dried without any bleaching or chemical processing.</p><p>Available in thin and thick varieties. Thin poha dissolves quickly for chivda; thick poha holds shape for the classic breakfast poha with mustard, peas, and potatoes.</p><p><strong>Suggested use:</strong> Breakfast poha, chivda, sweet rice preparations, quick snacks.</p>",Dalify,Food & Drink > Food > Grains,Grains,"organic,poha,flattened rice,breakfast,chivda",TRUE,Thickness,Thick,DAL-POH-T500,500,40,119,
organic-poha,,,,,,,,Thickness,Thin,DAL-POH-L500,500,40,119,
organic-semolina,Organic Semolina (Sooji / Rava),"<p>Coarse-ground from organic whole wheat, Dalify's semolina is the base for upma, halwa, and idli. Our sooji is stone-ground and retains a slightly more golden color than bleached commercial rava.</p><p>Roasting it before use in upma or sheera gives it a beautiful nutty depth.</p><p><strong>Suggested use:</strong> Upma, rava idli, rava dosa, suji halwa, sheera.</p>",Dalify,Food & Drink > Food > Grains,Flour,"organic,rava,sooji,semolina,upma",TRUE,Grind,Coarse,DAL-SOO-C500,500,40,129,
organic-semolina,,,,,,,,Grind,Fine,DAL-SOO-F500,500,40,129,
organic-toor-dal,Organic Toor Dal (Split Pigeon Pea),"<p>The backbone of Indian dal. Dalify's Organic Toor Dal comes from certified farms in Maharashtra and Andhra Pradesh. Our unpolished toor is free from the oil coating that commercial brands use to improve appearance — meaning better nutrition and a richer, earthier flavor.</p><p>This is the dal you want for sambar, dal fry, and the simplest, most comforting bowl of dal-chawal.</p><p><strong>Suggested use:</strong> Dal fry, sambar, dal tadka, khichdi, dal-chawal.</p>",Dalify,Food & Drink > Food > Beans & Pulses,Pulses,"organic,toor dal,arhar,pigeon pea,sambar,south indian",TRUE,Weight,500g,DAL-TOO-500,500,40,159,
organic-toor-dal,,,,,,,,Weight,1kg,DAL-TOO-1000,1000,30,289,
organic-toor-dal,,,,,,,,Weight,2kg,DAL-TOO-2000,2000,20,549,
organic-moong-dal-yellow,Organic Yellow Moong Dal (Split),"<p>Light, easy to digest, and deeply nutritious — yellow moong dal is one of Ayurveda's most valued foods. Dalify's organic split moong is sourced from Rajasthan farms and cooked without the polishing that strips away nutrients.</p><p>Ready in under 20 minutes without a pressure cooker. Make moong dal khichdi, moong dal cheela, or simple dal with lemon.</p><p><strong>Suggested use:</strong> Dal, khichdi, cheela, sprouting, soups.</p>",Dalify,Food & Drink > Food > Beans & Pulses,Pulses,"organic,moong dal,yellow split,ayurveda,easy digest",TRUE,Weight,500g,DAL-MOO-500,500,40,149,
organic-moong-dal-yellow,,,,,,,,Weight,1kg,DAL-MOO-1000,1000,30,269,
organic-moong-dal-yellow,,,,,,,,Weight,2kg,DAL-MOO-2000,2000,20,509,
organic-moong-dal-whole,Organic Whole Green Moong Dal,"<p>Whole mung beans — the unsung heroes of the pulse world. Used for sprouting, moong stir-fry (moong usal), and dal preparations with the skin on. Higher fiber and iron content than the split yellow variety.</p><p>Soak overnight and sprout for a crunchy, living food addition to salads. Dalify's organic whole green moong comes from Rajasthan.</p><p><strong>Suggested use:</strong> Sprouting, moong usal, whole dal preparations, soups.</p>",Dalify,Food & Drink > Food > Beans & Pulses,Pulses,"organic,whole moong,green moong,sprouting,mung bean",TRUE,Weight,500g,DAL-MWG-500,500,40,149,
organic-moong-dal-whole,,,,,,,,Weight,1kg,DAL-MWG-1000,1000,30,269,
organic-masoor-dal,Organic Masoor Dal (Red Lentils),"<p>The quickest-cooking dal in your pantry — red lentils are ready in 15 minutes without soaking. Dalify's Organic Masoor Dal has a lovely earthy-sweet flavor and turns a golden orange color when cooked. Rich in protein and iron.</p><p>Use it as the base for a simple everyday dal, blend it into soups, or add to rice for quick khichdi when time is short.</p><p><strong>Suggested use:</strong> Quick dal, soups, khichdi, everyday dal-chawal.</p>",Dalify,Food & Drink > Food > Beans & Pulses,Pulses,"organic,masoor dal,red lentils,quick cook,everyday dal",TRUE,Weight,500g,DAL-MAS-500,500,40,149,
organic-masoor-dal,,,,,,,,Weight,1kg,DAL-MAS-1000,1000,30,269,
organic-chana-dal,Organic Chana Dal (Split Bengal Gram),"<p>Chana dal has the richest, most robust flavor of all Indian dals — and it holds its shape even when fully cooked. Dalify's organic chana dal comes from Madhya Pradesh farms.</p><p>Essential for chana dal fry, Bengal's chana preparations, and as an ingredient in sambar powder. Also used to make besan flour.</p><p><strong>Suggested use:</strong> Chana dal fry, sambar, besan making, dal baati, halwa.</p>",Dalify,Food & Drink > Food > Beans & Pulses,Pulses,"organic,chana dal,bengal gram,split,dal",TRUE,Weight,500g,DAL-CHA-500,500,40,149,
organic-chana-dal,,,,,,,,Weight,1kg,DAL-CHA-1000,1000,30,269,
organic-kabuli-chana,Organic Kabuli Chana (Chickpeas),"<p>Large, creamy chickpeas perfect for the Punjabi household staple — chole. Dalify sources certified organic kabuli chana from Madhya Pradesh and Rajasthan. Soak overnight and pressure cook for a soft but intact bean that absorbs masala beautifully.</p><p>Also perfect for hummus, Mediterranean-style salads, and roasted crunchy chickpea snacks.</p><p><strong>Suggested use:</strong> Chole, hummus, salads, roasted snacks, falafel.</p>",Dalify,Food & Drink > Food > Beans & Pulses,Pulses,"organic,kabuli chana,chickpeas,chole,hummus",TRUE,Weight,500g,DAL-KAB-500,500,40,159,
organic-kabuli-chana,,,,,,,,Weight,1kg,DAL-KAB-1000,1000,30,289,
organic-kala-chana,Organic Kala Chana (Black Chickpeas),"<p>The desi chickpea — smaller, darker, and more nutritionally dense than kabuli chana. Higher in fiber, protein, and iron, with a firmer, nuttier bite.</p><p>A quintessential ingredient for the 'prasad' of North Indian temples and just as delicious as a spiced dry sabzi or in tamarind-based chaat. Dalify's organic kala chana comes from Rajasthan.</p><p><strong>Suggested use:</strong> Kala chana curry, navratri prasad, chaat, dry sabzi.</p>",Dalify,Food & Drink > Food > Beans & Pulses,Pulses,"organic,kala chana,black chickpeas,navratri,protein",TRUE,Weight,500g,DAL-KLC-500,500,40,149,
organic-kala-chana,,,,,,,,Weight,1kg,DAL-KLC-1000,1000,30,269,
organic-rajma-dark,Organic Rajma — Dark Red (Jammu),"<p>No Sunday meal plan is complete without rajma-chawal. Dalify's Organic Dark Red Rajma comes from the Jammu variety — smaller and darker than large kidney beans, with a creamier texture and more complex flavor.</p><p>Soak overnight, pressure cook until very soft, then simmer in a rich onion-tomato-spice base until the gravy turns thick and silky.</p><p><strong>Suggested use:</strong> Rajma chawal, bean soups, burritos, salads.</p>",Dalify,Food & Drink > Food > Beans & Pulses,Pulses,"organic,rajma,dark red,kidney beans,punjabi,jammu",TRUE,Weight,500g,DAL-RJD-500,500,40,169,
organic-rajma-dark,,,,,,,,Weight,1kg,DAL-RJD-1000,1000,30,309,
organic-rajma-chitra,Organic Rajma Chitra (Speckled Kidney Beans),"<p>The speckled Chitra variety of rajma is beloved in Himachal Pradesh for its thinner skin and quicker cook time. Slightly lighter in flavor than dark red rajma, but equally satisfying.</p><p>Dalify sources organic chitra rajma directly from hill farms in Himachal. Great for those who want a slightly lighter rajma preparation.</p><p><strong>Suggested use:</strong> Rajma chawal, soups, mixed bean dishes.</p>",Dalify,Food & Drink > Food > Beans & Pulses,Pulses,"organic,rajma,chitra,speckled,himachal",TRUE,Weight,500g,DAL-RJC-500,500,40,169,
organic-rajma-chitra,,,,,,,,Weight,1kg,DAL-RJC-1000,1000,30,309,
organic-urad-dal-black,Organic Whole Urad Dal (Black),"<p>The star of the tandoor — whole urad (black gram with skin) is what gives Dal Makhani its legendary, silky richness. When slow-cooked for hours with organic butter and cream, the urad breaks down into a velvet sauce that's impossible to replicate with any other pulse.</p><p>Also essential for making idli and dosa batter. Dalify's organic whole urad comes from Madhya Pradesh.</p><p><strong>Suggested use:</strong> Dal makhani, idli-dosa batter, black dal.</p>",Dalify,Food & Drink > Food > Beans & Pulses,Pulses,"organic,urad dal,black gram,dal makhani,idli dosa",TRUE,Weight,500g,DAL-URB-500,500,40,159,
organic-urad-dal-black,,,,,,,,Weight,1kg,DAL-URB-1000,1000,30,289,
organic-urad-dal-white,Organic White Urad Dal (Split),"<p>The skinless, split form of urad dal — used in South Indian cooking with abandon. Dalify's organic white urad is crucial for idli and dosa batters, medu vada, and as a toasting spice in South Indian tadkas.</p><p>Also used in papad making and as the base of vada batter. Ferments beautifully to give the characteristic tang to idli.</p><p><strong>Suggested use:</strong> Idli, dosa, medu vada, tadka, papad.</p>",Dalify,Food & Drink > Food > Beans & Pulses,Pulses,"organic,urad dal,white,split,idli,dosa,south indian",TRUE,Weight,500g,DAL-URW-500,500,40,159,
organic-urad-dal-white,,,,,,,,Weight,1kg,DAL-URW-1000,1000,30,289,
organic-moth-beans,Organic Moth Beans (Matki),"<p>A tiny, nutrient-dense legume used in Maharashtra's famous Misal Pav and Usal. Moth beans are quick to sprout (24-36 hours) and delicious when pressure cooked with a spicy coconut gravy.</p><p>High in protein and iron. Dalify sources certified organic matki from Rajasthan dryland farms.</p><p><strong>Suggested use:</strong> Misal pav, usal, sprouting, stir-fries.</p>",Dalify,Food & Drink > Food > Beans & Pulses,Pulses,"organic,moth beans,matki,misal,sprouting,maharashtra",TRUE,Weight,500g,DAL-MTH-500,500,40,149,
organic-moth-beans,,,,,,,,Weight,1kg,DAL-MTH-1000,1000,30,269,
organic-lobia,Organic Lobia (Black-Eyed Peas),"<p>Lobia curry is a popular Punjabi winter dish — earthy, slightly sweet, and enormously satisfying. Black-eyed peas are also a powerhouse of folate and fiber.</p><p>Dalify's organic lobia comes from Rajasthan. Soak for 4 hours and pressure cook until tender but not mushy, then prepare with a thick, spiced tomato gravy.</p><p><strong>Suggested use:</strong> Lobia curry, salads, rice dishes, soups.</p>",Dalify,Food & Drink > Food > Beans & Pulses,Pulses,"organic,lobia,black-eyed peas,cowpeas,punjabi",TRUE,Weight,500g,DAL-LOB-500,500,40,149,
organic-lobia,,,,,,,,Weight,1kg,DAL-LOB-1000,1000,30,269,
organic-dosa-mix,Organic Dosa Mix,"<p>Crispy, golden, perfectly tangy dosa at home in under 20 minutes — without the 12-hour fermentation process. Dalify's Organic Dosa Mix uses a carefully calibrated blend of organic rice flour, urad dal flour, and organic sooji.</p><p>No artificial leavening agents, no added colors. Just add water, mix, rest for 30 minutes, and pour onto a hot tawa.</p><p><strong>Suggested use:</strong> Plain dosa, masala dosa, onion dosa, set dosa.</p>",Dalify,Food & Drink > Food > Cooking Mixes,Instant Mixes,"organic,dosa mix,instant,south indian,breakfast",TRUE,Weight,500g,DAL-DOS-500,500,40,199,
organic-dosa-mix,,,,,,,,Weight,1kg,DAL-DOS-1000,1000,30,369,
organic-idli-mix,Organic Idli Mix,"<p>Soft, fluffy, perfectly pillowy idlis — every single time. Our Organic Idli Mix uses a blend of organic parboiled rice flour and organic white urad dal flour with added organic flattened rice for natural lightness.</p><p>No synthetic raising agents. Mix with water, rest for 30 minutes, steam for 12 minutes. Done.</p><p><strong>Suggested use:</strong> Plain idli, button idli, mini idlis, idli fry.</p>",Dalify,Food & Drink > Food > Cooking Mixes,Instant Mixes,"organic,idli mix,instant,south indian,breakfast",TRUE,Weight,500g,DAL-IDL-500,500,40,199,
organic-idli-mix,,,,,,,,Weight,1kg,DAL-IDL-1000,1000,30,369,
organic-upma-mix,Organic Upma Mix,"<p>Upma that's ready in 10 minutes and tastes like it came from a South Indian breakfast house. Dalify's Organic Upma Mix uses coarse organic semolina, pre-blended with dried curry leaves, mustard seeds, and dried ginger — all the tadka flavors you'd normally add separately.</p><p>Just temper, add water, stir, and it's done.</p><p><strong>Suggested use:</strong> Plain upma, vegetable upma, rava pongal.</p>",Dalify,Food & Drink > Food > Cooking Mixes,Instant Mixes,"organic,upma mix,rava,instant,south indian,breakfast",TRUE,Weight,250g,DAL-UPM-250,250,50,149,
organic-upma-mix,,,,,,,,Weight,500g,DAL-UPM-500,500,30,269,
organic-poha-mix,Organic Poha Mix,"<p>The beloved Mumbai breakfast made effortless. Our Poha Mix combines organic thick poha with pre-measured spice blends of turmeric, mustard seeds, and coriander.</p><p>Rinse the poha, sauté with the spice mix, and breakfast is served. Add peanuts and coriander for a complete experience. Light, energizing, and absolutely delicious.</p><p><strong>Suggested use:</strong> Classic breakfast poha, kanda poha, aloo poha.</p>",Dalify,Food & Drink > Food > Cooking Mixes,Instant Mixes,"organic,poha mix,flattened rice,breakfast,mumbai",TRUE,Weight,250g,DAL-POH-250,250,50,139,
organic-poha-mix,,,,,,,,Weight,500g,DAL-POH-500,500,30,249,
organic-dhokla-mix,Organic Dhokla Mix,"<p>Spongy, tangy, and irresistibly snackable. Dalify's Organic Dhokla Mix is based on the classic Gujarati recipe using organic chana dal flour and rice flour. The mix is precisely balanced so you get that perfect spongy texture and slightly sour flavor without any guesswork.</p><p>Just add water, curd, and fruit salt. Steam for 15 minutes.</p><p><strong>Suggested use:</strong> Classic dhokla, sandwich dhokla, party snacks.</p>",Dalify,Food & Drink > Food > Cooking Mixes,Instant Mixes,"organic,dhokla mix,gujarati,snack,steamed",TRUE,Weight,200g,DAL-DHO-200,200,50,159,
organic-dhokla-mix,,,,,,,,Weight,400g,DAL-DHO-400,400,30,289,
organic-khaman-mix,Organic Khaman Mix,"<p>Similar to dhokla but made with chickpea flour alone for a denser, spongier result. Our Khaman Mix produces the authentic Gujarati style with a glossy, sugary-tangy tempering.</p><p>All organic ingredients, no artificial yellow color — our khaman is naturally cream-colored from chickpea flour.</p><p><strong>Suggested use:</strong> Khaman, party snack, tiffin box.</p>",Dalify,Food & Drink > Food > Cooking Mixes,Instant Mixes,"organic,khaman mix,gujarati,snack,chickpea",TRUE,Weight,200g,DAL-KHM-200,200,50,159,
organic-khaman-mix,,,,,,,,Weight,400g,DAL-KHM-400,400,30,289,
organic-besan,Organic Besan (Chickpea Flour),"<p>Stone-ground from organic chana dal, Dalify's besan is finer-textured and more flavorful than factory-milled commercial besan. The difference is immediately apparent in kadhi, pakoras, and besan chilla.</p><p>No anti-caking agents, no added colors. Available in fine (for kadhi, cheela, ladoo) and coarse (for bhajiya and fritters) grinds.</p><p><strong>Suggested use:</strong> Kadhi, pakoras, besan cheela, missi roti, besan laddoo.</p>",Dalify,Food & Drink > Food > Grains,Flour,"organic,besan,chickpea flour,gram flour,kadhi,pakora",TRUE,Grind,Fine,DAL-BES-F500,500,40,159,
organic-besan,,,,,,,,Grind,Coarse,DAL-BES-C500,500,40,159,
organic-besan,,,,,,,,Grind,Fine,DAL-BES-F1000,1000,20,289,
organic-multigrain-atta,Organic Multigrain Atta,"<p>Our proprietary multigrain atta combines organic whole wheat with organic ragi, jowar, bajra, and soya flour in a balanced ratio. The result is a flour that makes rotis with more nutritional density, a slightly darker color, and a nuttier taste profile than plain wheat atta.</p><p>No dough conditioners or bleaching agents.</p><p><strong>Suggested use:</strong> Roti, paratha, thepla, chapati, puri.</p>",Dalify,Food & Drink > Food > Grains,Flour,"organic,multigrain atta,whole wheat,ragi,millet flour,healthy roti",TRUE,Weight,1kg,DAL-MGA-1000,1000,30,199,
organic-multigrain-atta,,,,,,,,Weight,2kg,DAL-MGA-2000,2000,20,369,
organic-sattu,Organic Sattu (Roasted Gram Flour),"<p>Bihar and Uttar Pradesh's protein powerhouse. Sattu is roasted chana ground into a flour — no further cooking needed, making it perfect for quick nutrition on the go.</p><p>Mix with water, lemon, and spices for the refreshing sattu drink popular in summer, or make sattu parathas stuffed with a spiced sattu filling.</p><p><strong>Suggested use:</strong> Sattu sharbat, sattu paratha stuffing, litti chokha.</p>",Dalify,Food & Drink > Food > Grains,Flour,"organic,sattu,roasted gram,protein,bihar,summer drink",TRUE,Weight,250g,DAL-SAT-250,250,50,149,
organic-sattu,,,,,,,,Weight,500g,DAL-SAT-500,500,30,269,
organic-khichdi-mix,Organic Khichdi Mix,"<p>A complete one-pot meal in a bag. Dalify's Organic Khichdi Mix combines premium basmati rice with moong dal in the ideal 1:1 ratio, pre-spiced with turmeric, cumin, and bay leaf.</p><p>Add water, a spoon of ghee, and pressure cook for 3 whistles. The most comforting, nourishing, and effortless meal in your kitchen.</p><p><strong>Suggested use:</strong> Simple khichdi, one-pot comfort meal, healing food.</p>",Dalify,Food & Drink > Food > Cooking Mixes,Instant Mixes,"organic,khichdi mix,one pot,comfort food,dal rice",TRUE,Weight,400g,DAL-KHI-400,400,40,179,
organic-khichdi-mix,,,,,,,,Weight,800g,DAL-KHI-800,800,20,329,
organic-pongal-mix,Organic Pongal Mix,"<p>A South Indian breakfast classic — rice and moong dal simmered together into a creamy, slightly porridge-like consistency. Dalify's Pongal Mix has the perfect ratio of organic short-grain rice and organic moong dal, with pre-measured spice inclusions.</p><p>Makes ven pongal in under 20 minutes from scratch.</p><p><strong>Suggested use:</strong> Ven pongal, chakkarai pongal, breakfast, festival food.</p>",Dalify,Food & Drink > Food > Cooking Mixes,Instant Mixes,"organic,pongal mix,south indian,breakfast,festival",TRUE,Weight,400g,DAL-PON-400,400,40,179,
organic-pongal-mix,,,,,,,,Weight,800g,DAL-PON-800,800,20,329,
organic-rava-ladoo-mix,Organic Rava Ladoo Mix,"<p>The simplest Indian sweet just got even simpler. Dalify's Rava Ladoo Mix pre-combines organic sooji, organic desiccated coconut, and organic cane sugar. Just roast the mix lightly in ghee until fragrant, add cardamom, shape into balls while still warm.</p><p>Perfect for festivals, gifting, and satisfying sweet cravings without additives.</p><p><strong>Suggested use:</strong> Rava laddoo, festival sweets, gifting.</p>",Dalify,Food & Drink > Food > Cooking Mixes,Sweet Mixes,"organic,rava ladoo mix,laddoo,sweet,festival,gifting",TRUE,Weight,250g,DAL-RLM-250,250,50,169,
organic-rava-ladoo-mix,,,,,,,,Weight,500g,DAL-RLM-500,500,30,309,
organic-millet-dosa-mix,Organic Millet Dosa Mix,"<p>A healthier evolution of the classic dosa mix. Dalify's Millet Dosa Mix replaces a significant portion of rice flour with a blend of organic foxtail millet and organic finger millet flours, lowering the glycemic index while maintaining the characteristic crisp texture of a good dosa.</p><p>Excellent for diabetic-friendly cooking and anyone seeking to incorporate ancient grains effortlessly.</p><p><strong>Suggested use:</strong> Millet dosa, millet crepes, savory pancakes.</p>",Dalify,Food & Drink > Food > Cooking Mixes,Instant Mixes,"organic,millet dosa,diabetic-friendly,healthy,gluten-free option",TRUE,Weight,500g,DAL-MDM-500,500,40,219,
organic-millet-dosa-mix,,,,,,,,Weight,1kg,DAL-MDM-1000,1000,20,399,
organic-jaggery-powder,Organic Jaggery Powder (Gur Powder),"<p>Unrefined, chemical-free jaggery — the natural sweetener of Indian tradition. Dalify sources organic jaggery powder from Kolhapur, Maharashtra, where traditional sugarcane processing methods are still used.</p><p>Zero added chemicals, zero sulfur. Slightly richer and more complex flavor than refined sugar. Rich in iron, calcium, and potassium.</p><p><strong>Suggested use:</strong> Chai sweetener, dal, laddoos, kheer, imli chutney, daily consumption.</p>",Dalify,Food & Drink > Food > Sweeteners,Natural Sweeteners,"organic,jaggery,gur,natural sweetener,unrefined,iron",TRUE,Weight,250g,DAL-JAG-250,250,50,119,
organic-jaggery-powder,,,,,,,,Weight,500g,DAL-JAG-500,500,30,209,
organic-jaggery-powder,,,,,,,,Weight,1kg,DAL-JAG-1000,1000,20,379,
organic-tamarind-block,Organic Tamarind Block (Imli),"<p>Deep, naturally tart tamarind sourced from organic orchards in Tamil Nadu. Dalify's tamarind block is seedless and made without sulfur dioxide — a common preservative in commercial tamarind.</p><p>Dissolve in warm water, strain, and use in sambar, rasam, and classic imli chutney for chaat.</p><p><strong>Suggested use:</strong> Sambar, rasam, tamarind rice, imli chutney.</p>",Dalify,Food & Drink > Food > Seasonings & Spices,Condiments,"organic,tamarind,imli,sour,sambar,chutney",TRUE,Weight,200g,DAL-TAM-200,200,50,129,
organic-tamarind-block,,,,,,,,Weight,400g,DAL-TAM-400,400,30,229,
organic-coconut-milk-powder,Organic Coconut Milk Powder,"<p>Sun-dried and spray-processed from certified organic coconuts in Kerala. Reconstitutes easily in warm water to a creamy, rich coconut milk for Kerala curries, payasam, and coconut rice.</p><p>No hydrogenated fat, no preservatives. Longer shelf life than canned coconut milk and more convenient for everyday use.</p><p><strong>Suggested use:</strong> Kerala curries, payasam, coconut rice, Thai-inspired dishes.</p>",Dalify,Food & Drink > Food > Cooking Mixes,Cooking Aids,"organic,coconut milk powder,kerala,dairy-free,cooking",TRUE,Weight,100g,DAL-CMP-100,100,50,149,
organic-coconut-milk-powder,,,,,,,,Weight,200g,DAL-CMP-200,200,30,269,
organic-dry-fruits-mix,Organic Dry Fruits Mix (Trail Mix),"<p>A premium blend of organic cashews, organic almonds, organic raisins, and organic dried figs — all sourced from certified organic farms. No added sugar, no sulfur dioxide preservatives, no industrial oils.</p><p>Packed in nitrogen-flushed pouches to preserve freshness. The kind of clean snacking you can feel good about.</p><p><strong>Suggested use:</strong> Snacking, dessert garnish, laddoo preparation, travel food.</p>",Dalify,Food & Drink > Food > Snacks,Dry Fruits,"organic,dry fruits,trail mix,cashew,almond,raisins,snack",TRUE,Weight,100g,DAL-DFM-100,100,50,279,
organic-dry-fruits-mix,,,,,,,,Weight,250g,DAL-DFM-250,250,30,599,
