product_name,category,meta_title,meta_description,url_handle
Organic Turmeric Powder,Spices,Organic Turmeric Powder Online | Dalify,Buy pure organic turmeric powder from Dalify. Rich in curcumin, no additives. FSSAI certified. Free delivery on orders above ₹499. Order now!,organic-turmeric-powder
Organic Cumin Seeds,Spices,Organic Cumin Seeds (Jeera) Online | Dalify,Premium organic jeera sourced from Rajasthan farms. Aromatic whole cumin seeds with no pesticides. Buy online with fast delivery across India.,organic-cumin-seeds
Organic Cumin Powder,Spices,Organic Cumin Powder (Jeera) Online | Dalify,Freshly ground organic cumin powder from Dalify. No fillers, no artificial colour. FSSAI certified. Shop now for authentic jeera powder.,organic-cumin-powder
Organic Coriander Seeds,Spices,Organic Coriander Seeds (Dhania) | Dalify,Buy organic whole coriander seeds online. Handpicked from certified farms. Rich aroma and flavour. FSSAI approved. Free shipping on ₹499+.,organic-coriander-seeds
Organic Coriander Powder,Spices,Organic Coriander Powder Online | Dalify,Pure organic dhania powder with no additives. Freshly ground for maximum flavour. FSSAI certified. Buy online and get fast delivery in India.,organic-coriander-powder
Organic Red Chilli Powder,Spices,Organic Red Chilli Powder Online | Dalify,Authentic organic red chilli powder — fiery, pure, no artificial colour. Sourced from Indian farms. FSSAI certified. Order from Dalify today!,organic-red-chilli-powder
Organic Kashmiri Red Chilli Powder,Spices,Kashmiri Chilli Powder Organic | Dalify,Buy organic Kashmiri red chilli powder online. Deep colour, mild heat, no additives. Perfect for gravies. FSSAI certified. Order from Dalify.,organic-kashmiri-chilli-powder
Organic Whole Black Pepper,Spices,Organic Black Pepper Whole (Kali Mirch) | Dalify,Premium organic whole black pepper from Kerala. Bold flavour with no chemicals. FSSAI certified. Buy online with fast delivery across India.,organic-whole-black-pepper
Organic Black Pepper Powder,Spices,Organic Black Pepper Powder Online | Dalify,Freshly ground organic kali mirch powder from Dalify. No fillers, pure aroma. FSSAI certified. Add to cart for authentic spice experience.,organic-black-pepper-powder
Organic Green Cardamom,Spices,Organic Green Cardamom (Elaichi) Online | Dalify,Premium organic green elaichi with intense aroma. Sourced from Kerala farms. No pesticides. FSSAI certified. Buy organic cardamom online at Dalify.,organic-green-cardamom
Organic Cardamom Powder,Spices,Organic Cardamom Powder (Elaichi) | Dalify,Pure organic elaichi powder — finely ground, no additives. FSSAI certified. Buy online from Dalify for authentic chai and dessert flavour.,organic-cardamom-powder
Organic Cinnamon Sticks,Spices,Organic Cinnamon Sticks (Dalchini) Online | Dalify,Buy true-cinnamon organic dalchini sticks. Aromatic, no pesticides, FSSAI certified. Perfect for cooking and chai. Order from Dalify today!,organic-cinnamon-sticks
Organic Cinnamon Powder,Spices,Organic Cinnamon Powder Online | Dalify,Freshly ground organic dalchini powder from Dalify. No additives, authentic flavour. FSSAI certified. Great for baking and chai blends.,organic-cinnamon-powder
Organic Cloves,Spices,Organic Cloves (Laung) Online India | Dalify,Premium organic laung from certified Indian farms. Aromatic whole cloves with no pesticides. FSSAI certified. Buy online at Dalify.,organic-cloves
Organic Bay Leaves,Spices,Organic Bay Leaves (Tej Patta) Online | Dalify,Fresh dried organic tej patta from Dalify. No chemicals, pure aroma. FSSAI certified. Perfect for biryani and curries. Order now!,organic-bay-leaves
Organic Mustard Seeds,Spices,Organic Mustard Seeds (Rai) Online | Dalify,Buy organic rai / mustard seeds online. Sourced from Indian farms with no pesticides. FSSAI certified. Ideal for tadka and pickling.,organic-mustard-seeds
Organic Fenugreek Seeds,Spices,Organic Fenugreek Seeds (Methi) | Dalify,Premium organic methi dana from certified farms. Rich in fibre and minerals. FSSAI certified. Buy online from Dalify for authentic Indian cooking.,organic-fenugreek-seeds
Organic Fenugreek Powder,Spices,Organic Fenugreek Powder Online | Dalify,Pure organic methi powder from Dalify. No fillers, no artificial colour. FSSAI certified. Buy online for healthy and flavourful cooking.,organic-fenugreek-powder
Organic Fennel Seeds,Spices,Organic Fennel Seeds (Saunf) Online | Dalify,Buy premium organic saunf from Indian farms. Naturally sweet and aromatic. FSSAI certified. Great for cooking and as a mouth freshener.,organic-fennel-seeds
Organic Carom Seeds,Spices,Organic Carom Seeds (Ajwain) Online | Dalify,Pure organic ajwain sourced from certified Indian farms. FSSAI certified. Known for digestive benefits. Buy ajwain online from Dalify today.,organic-carom-seeds
Organic Asafoetida,Spices,Organic Asafoetida (Hing) Online | Dalify,Buy pure organic hing powder online. Compounded with organic starch only. FSSAI certified. Authentic flavour for dal tadka. Order from Dalify.,organic-asafoetida-hing
Organic Dry Ginger Powder,Spices,Organic Dry Ginger Powder (Saunth) | Dalify,Pure organic saunth / sonth powder from Dalify. No additives. FSSAI certified. Great for chai, kadha, and Ayurvedic recipes.,organic-dry-ginger-powder
Organic Amchur Powder,Spices,Organic Amchur Powder (Dry Mango) | Dalify,Tangy organic amchur from raw mango. No additives. FSSAI certified. Adds authentic sourness to chaat, curries. Buy online at Dalify.,organic-amchur-powder
Organic Garam Masala,Spices,Organic Garam Masala Blend Online | Dalify,Aromatic organic garam masala — handcrafted blend of 12 whole spices. No artificial colour. FSSAI certified. Order from Dalify for authentic taste.,organic-garam-masala
Organic Chole Masala,Spices,Organic Chole Masala Powder Online | Dalify,Authentic organic chole masala blend from Dalify. No MSG, no artificial flavour. FSSAI certified. Order now for restaurant-style chole at home.,organic-chole-masala
Organic Rajma Masala,Spices,Organic Rajma Masala Powder Online | Dalify,Buy organic rajma masala blend online. Rich flavour with no additives. FSSAI certified. Perfect for Punjabi-style rajma. Order from Dalify.,organic-rajma-masala
Organic Biryani Masala,Spices,Organic Biryani Masala Powder Online | Dalify,Aromatic organic biryani masala blend from Dalify. No artificial colour or MSG. FSSAI certified. Make perfect biryani every time.,organic-biryani-masala
Organic Sambar Powder,Spices,Organic Sambar Powder Online India | Dalify,Authentic South Indian organic sambar powder from Dalify. No additives. FSSAI certified. Buy online for restaurant-style sambar at home.,organic-sambar-powder
Organic Rasam Powder,Spices,Organic Rasam Powder Online | Dalify,Traditional organic rasam powder — authentic South Indian recipe. No preservatives. FSSAI certified. Buy from Dalify for flavourful rasam daily.,organic-rasam-powder
Organic Chaat Masala,Spices,Organic Chaat Masala Online | Dalify,Tangy organic chaat masala from Dalify. No artificial flavours or fillers. FSSAI certified. Perfect for chaat, salads, and fruit bowls.,organic-chaat-masala
Organic Whole Wheat,Grains,Organic Whole Wheat Grain Online | Dalify,Buy organic whole wheat grain from certified Indian farms. Naturally rich in fibre. FSSAI certified. Order from Dalify for wholesome healthy eating.,organic-whole-wheat
Organic Whole Wheat Flour,Grains,Organic Whole Wheat Flour (Atta) | Dalify,Stone-ground organic whole wheat atta from Dalify. No maida mixing, pure 100% wheat. FSSAI certified. Buy online for healthy chapati every day.,organic-whole-wheat-flour
Organic Basmati Rice,Grains,Organic Basmati Rice Online India | Dalify,Long-grain aged organic basmati rice from Himalayan foothills. Fragrant, no pesticides. FSSAI certified. Buy basmati rice online at Dalify.,organic-basmati-rice
Organic Brown Rice,Grains,Organic Brown Rice Online | Dalify,Nutrient-rich organic brown rice from Dalify. High fibre, no polishing chemicals. FSSAI certified. Buy online for healthy everyday meals.,organic-brown-rice
Organic Red Rice,Grains,Organic Red Rice Online India | Dalify,Buy organic red rice online — rich in antioxidants and fibre. Sourced from Kerala. FSSAI certified. Order from Dalify for a nutritious diet.,organic-red-rice
Organic Foxtail Millet,Grains,Organic Foxtail Millet (Kangni) | Dalify,Buy organic kangni / foxtail millet online. Gluten-free ancient grain. FSSAI certified. High in protein and fibre. Order from Dalify today.,organic-foxtail-millet
Organic Pearl Millet,Grains,Organic Pearl Millet (Bajra) Online | Dalify,Nutritious organic bajra from certified Indian farms. Rich in iron and protein. FSSAI certified. Buy pearl millet online at Dalify.,organic-pearl-millet-bajra
Organic Finger Millet,Grains,Organic Finger Millet (Ragi) Online | Dalify,Buy organic ragi / finger millet online. Rich in calcium and fibre. Gluten-free. FSSAI certified. Great for ragi roti and porridge. Order now!,organic-finger-millet-ragi
Organic Sorghum,Grains,Organic Sorghum (Jowar) Online | Dalify,Buy organic jowar online. Gluten-free ancient grain high in antioxidants. FSSAI certified. Great for jowar roti. Order from Dalify today.,organic-sorghum-jowar
Organic Barnyard Millet,Grains,Organic Barnyard Millet (Sanwa) | Dalify,Buy organic barnyard millet online. Perfect for fasting recipes and daily nutrition. Gluten-free. FSSAI certified. Order from Dalify today.,organic-barnyard-millet
Organic Kodo Millet,Grains,Organic Kodo Millet Online India | Dalify,Nutrient-dense organic kodo millet from Dalify. Rich in polyphenols and fibre. FSSAI certified. Buy online for a healthy ancient-grain lifestyle.,organic-kodo-millet
Organic Little Millet,Grains,Organic Little Millet (Kutki) Online | Dalify,Buy organic little millet online. Gluten-free, high in fibre. FSSAI certified. Great substitute for rice. Order organic kutki from Dalify.,organic-little-millet
Organic Barley,Grains,Organic Barley (Jau) Online India | Dalify,Buy organic barley grain online. Rich in beta-glucan and fibre. FSSAI certified. Great for soups, daliya, and weight management. Order now.,organic-barley-jau
Organic Rolled Oats,Grains,Organic Rolled Oats Online India | Dalify,100% organic whole rolled oats from Dalify. No added sugar or flavour. FSSAI certified. Perfect for healthy breakfast. Buy oats online now.,organic-rolled-oats
Organic Quinoa,Grains,Organic Quinoa Online India | Dalify,Buy organic quinoa online — complete protein with all 9 amino acids. Gluten-free. FSSAI certified. Order from Dalify for a superfood lifestyle.,organic-quinoa
Organic Amaranth,Grains,Organic Amaranth (Rajgira) Online | Dalify,Buy organic rajgira / amaranth online. Gluten-free superfood with high protein. FSSAI certified. Great for fasting recipes. Order from Dalify.,organic-amaranth-rajgira
Organic Buckwheat,Grains,Organic Buckwheat (Kuttu) Online | Dalify,Buy organic kuttu / buckwheat online. Gluten-free, rich in magnesium. FSSAI certified. Perfect for vrat recipes and daily health. Order now.,organic-buckwheat-kuttu
Organic Semolina,Grains,Organic Semolina (Suji/Rava) Online | Dalify,Buy organic suji / semolina from Dalify. No mixing of maida, pure wheat semolina. FSSAI certified. Perfect for upma, halwa and dosa.,organic-semolina-suji
Organic Poha,Grains,Organic Poha (Flattened Rice) Online | Dalify,Buy organic thick poha online. No added colour or chemicals. FSSAI certified. Perfect for poha breakfast and chivda. Order from Dalify today.,organic-poha-flattened-rice
Organic Toor Dal,Pulses,Organic Toor Dal Online India | Dalify,Buy organic arhar / toor dal online. Split pigeon peas from certified Indian farms. FSSAI certified. Rich in protein. Free delivery on ₹499+.,organic-toor-dal
Organic Moong Dal Split,Pulses,Organic Moong Dal (Split Yellow) | Dalify,Buy organic split yellow moong dal online. Easy to digest, rich in protein. FSSAI certified. Great for dal, khichdi and cheela. Order now.,organic-moong-dal-split
Organic Moong Dal Whole,Pulses,Organic Whole Moong Dal Online | Dalify,Buy organic whole green moong dal online. Rich in protein and folate. FSSAI certified. Perfect for sprouts and dal tadka. Order from Dalify.,organic-whole-moong-dal
Organic Green Moong Whole,Pulses,Organic Whole Green Moong Online | Dalify,Protein-rich organic sabut moong from certified Indian farms. FSSAI certified. Perfect for sprouting and curries. Buy online at Dalify.,organic-green-moong-whole
Organic Chana Dal,Pulses,Organic Chana Dal Online India | Dalify,Buy organic split chana dal online. Rich in fibre and protein. FSSAI certified. Perfect for dal, pakora batter, and sweets. Order from Dalify.,organic-chana-dal
Organic Red Masoor Dal,Pulses,Organic Red Masoor Dal Online | Dalify,Buy organic red lentils / masoor dal online. Quick cooking, high protein. FSSAI certified. Perfect for dal and soups. Order from Dalify today.,organic-red-masoor-dal
Organic Whole Masoor Dal,Pulses,Organic Whole Masoor Lentils | Dalify,Buy organic whole brown masoor lentils online. Rich in iron and folate. FSSAI certified. Great for dal and sabzi. Order from Dalify today.,organic-whole-masoor-dal
Organic Black Urad Dal,Pulses,Organic Black Urad Dal Online | Dalify,Buy organic whole black urad dal online. Perfect for dal makhani. FSSAI certified. Protein-rich and creamy. Order authentic organic urad dal.,organic-black-urad-dal
Organic White Urad Dal,Pulses,Organic White Urad Dal Online | Dalify,Buy organic white urad dal online. Perfect for idli and dosa batter. FSSAI certified. Protein-rich with great texture. Order from Dalify.,organic-white-urad-dal
Organic Split Urad Dal,Pulses,Organic Split Urad Dal (Dhuli) | Dalify,Buy organic dhuli urad dal online. Great for medu vada and makhana dal. FSSAI certified. Rich in protein. Order from Dalify today.,organic-split-urad-dal
Organic Rajma,Pulses,Organic Rajma (Kidney Beans) Online | Dalify,Buy organic rajma / kidney beans online. Perfect for Punjabi rajma curry. FSSAI certified. Protein-rich. Order from Dalify with fast delivery.,organic-rajma-kidney-beans
Organic Kabuli Chana,Pulses,Organic Kabuli Chana (Chickpeas) | Dalify,Buy organic white kabuli chana / chickpeas online. High in fibre and protein. FSSAI certified. Perfect for chole and hummus. Order from Dalify.,organic-kabuli-chana
Organic Kala Chana,Pulses,Organic Kala Chana (Black Chickpeas) | Dalify,Buy organic kala chana online. Rich in iron and fibre. FSSAI certified. Perfect for Navratri prasad and daily curries. Order from Dalify.,organic-kala-chana
Organic Moth Beans,Pulses,Organic Moth Beans (Matki) Online | Dalify,Buy organic matki / moth beans online. High protein and fibre. FSSAI certified. Great for usal and sprouts. Order organic moth beans now.,organic-moth-beans
Organic Black Eyed Peas,Pulses,Organic Black Eyed Peas (Lobia) | Dalify,Buy organic lobia / black-eyed peas online. Rich in protein and vitamins. FSSAI certified. Perfect for everyday dal. Order from Dalify today.,organic-black-eyed-peas
Organic Horse Gram,Pulses,Organic Horse Gram (Kulthi Dal) | Dalify,Buy organic horse gram / kulthi dal online. Known for metabolism and kidney health. FSSAI certified. Buy culthi dal online from Dalify.,organic-horse-gram-kulthi
Organic Green Peas,Pulses,Organic Dried Green Peas (Matar) | Dalify,Buy organic dried green matar online. Rich in protein and sweet flavour. FSSAI certified. Perfect for matar dal and snacks. Order from Dalify.,organic-dried-green-peas
Organic Soybean,Pulses,Organic Soybean Online India | Dalify,Buy organic soybeans online. Complete plant protein with all amino acids. FSSAI certified. Great for curries and milk. Order from Dalify today.,organic-soybean
Organic Peanuts,Pulses,Organic Peanuts (Groundnuts) Online | Dalify,Buy raw organic peanuts online. Rich in protein and healthy fats. FSSAI certified. Great for chutney, chikki and roasting. Order from Dalify.,organic-peanuts
Idli Mix,Instant Mixes,Organic Idli Mix Online India | Dalify,Ready-to-use organic idli mix from Dalify. No preservatives, no artificial colour. FSSAI certified. Soft fluffy idlis in 20 minutes. Order now!,organic-idli-mix
Dosa Mix,Instant Mixes,Organic Dosa Mix Online India | Dalify,Make crispy dosas at home with organic dosa mix. No maida, no chemicals. FSSAI certified. Just add water. Order from Dalify for easy breakfast.,organic-dosa-mix
Rava Idli Mix,Instant Mixes,Organic Rava Idli Mix Online | Dalify,Instant organic rava idli mix from Dalify. No preservatives. Ready in 15 minutes. FSSAI certified. Great for quick healthy breakfast. Order now.,organic-rava-idli-mix
Uttapam Mix,Instant Mixes,Organic Uttapam Mix Online | Dalify,Make fluffy uttapam at home with organic uttapam mix from Dalify. No preservatives. FSSAI certified. Perfect weekend breakfast. Order today.,organic-uttapam-mix
Dhokla Mix,Instant Mixes,Organic Dhokla Mix Online India | Dalify,Fluffy and spongy organic dhokla mix from Dalify. No preservatives, no artificial colour. FSSAI certified. Ready in 20 min. Order now!,organic-dhokla-mix
Khichdi Mix,Instant Mixes,Organic Khichdi Mix Online | Dalify,Ready-to-cook organic khichdi mix from Dalify. Protein-rich with dal and rice. No preservatives. FSSAI certified. Perfect comfort meal. Order now.,organic-khichdi-mix
Upma Mix,Instant Mixes,Organic Upma Mix Online India | Dalify,Make South Indian upma at home with organic upma mix. No preservatives. FSSAI certified. Quick, healthy and delicious. Order from Dalify.,organic-upma-mix
Poha Mix,Instant Mixes,Organic Poha Mix Online | Dalify,Quick and easy organic poha mix from Dalify. No additives, no preservatives. FSSAI certified. Ready in 10 minutes. Perfect breakfast. Order now.,organic-poha-mix
Besan Cheela Mix,Instant Mixes,Organic Besan Cheela Mix | Dalify,High-protein organic besan cheela mix from Dalify. No preservatives. FSSAI certified. Ready in 10 minutes. Great healthy breakfast. Order now.,organic-besan-cheela-mix
Methi Thepla Mix,Instant Mixes,Organic Methi Thepla Mix Online | Dalify,Make authentic Gujarati methi thepla with organic thepla mix. No preservatives. FSSAI certified. Travel-friendly and delicious. Order from Dalify.,organic-methi-thepla-mix
Bajra Roti Mix,Instant Mixes,Organic Bajra Roti Mix Online | Dalify,Gluten-free organic bajra roti mix from Dalify. Rich in iron and fibre. No additives. FSSAI certified. Great for healthy winter meals. Order now.,organic-bajra-roti-mix
Ragi Roti Mix,Instant Mixes,Organic Ragi Roti Mix Online | Dalify,Calcium-rich organic ragi roti mix from Dalify. Gluten-free, no preservatives. FSSAI certified. Great for kids and adults. Order from Dalify.,organic-ragi-roti-mix
Multigrain Atta,Instant Mixes,Organic Multigrain Atta Online | Dalify,Buy organic multigrain atta online — blend of 7 grains including ragi, bajra, jowar. No maida. FSSAI certified. Healthy rotis every day.,organic-multigrain-atta
Dal Makhani Mix,Instant Mixes,Organic Dal Makhani Mix Online | Dalify,Restaurant-style organic dal makhani mix from Dalify. No artificial flavour or colour. FSSAI certified. Ready in 30 minutes. Order now.,organic-dal-makhani-mix
Rajma Masala Mix,Instant Mixes,Organic Rajma Masala Mix Online | Dalify,Make Punjabi rajma at home with organic rajma masala mix. No additives. FSSAI certified. Rich flavour in 30 minutes. Order from Dalify.,organic-rajma-masala-mix
Chole Masala Mix,Instant Mixes,Organic Chole Masala Mix Online | Dalify,Authentic organic chole masala cooking mix from Dalify. No MSG, no artificial colour. FSSAI certified. Restaurant-style chole at home.,organic-chole-masala-mix
Kadhi Mix,Instant Mixes,Organic Kadhi Mix Online India | Dalify,Make creamy Punjabi kadhi with organic kadhi mix. No preservatives, no additives. FSSAI certified. Ready in 20 minutes. Order from Dalify.,organic-kadhi-mix
Sambar Mix,Instant Mixes,Organic Sambar Mix Online India | Dalify,Authentic South Indian organic sambar cooking mix from Dalify. No preservatives. FSSAI certified. Perfect with idli and dosa. Order now.,organic-sambar-mix
Tomato Soup Mix,Instant Mixes,Organic Tomato Soup Mix Online | Dalify,Rich and creamy organic tomato soup mix from Dalify. No preservatives, no artificial flavour. FSSAI certified. Ready in 5 minutes. Order now.,organic-tomato-soup-mix
Spinach Soup Mix,Instant Mixes,Organic Spinach Soup Mix Online | Dalify,Nutritious organic spinach soup mix from Dalify. Rich in iron and antioxidants. No additives. FSSAI certified. Ready in 5 minutes. Order now.,organic-spinach-soup-mix
Ladoo Mix,Instant Mixes,Organic Ladoo Mix (Besan/Atta) | Dalify,Make traditional organic ladoo at home. No artificial flavour or preservatives. FSSAI certified. Perfect for festivals and gifting. Order now.,organic-ladoo-mix
Halwa Mix,Instant Mixes,Organic Halwa Mix Online India | Dalify,Make sooji / atta halwa at home with organic halwa mix from Dalify. No additives. FSSAI certified. Perfect for prasad and desserts. Order now.,organic-halwa-mix
Chakli Mix,Instant Mixes,Organic Chakli Mix Online | Dalify,Crispy homemade chakli with organic chakli mix from Dalify. No preservatives. FSSAI certified. Perfect for Diwali snacks. Order now!,organic-chakli-mix
